{"assets/american_express.png":["assets/american_express.png"],"assets/cancel_order_popup_dialog_image.png":["assets/cancel_order_popup_dialog_image.png"],"assets/cart_empty_image.png":["assets/cart_empty_image.png"],"assets/category_beauty.png":["assets/category_beauty.png"],"assets/category_clothing.png":["assets/category_clothing.png"],"assets/category_electronic.png":["assets/category_electronic.png"],"assets/category_shoes.png":["assets/category_shoes.png"],"assets/category_watches.png":["assets/category_watches.png"],"assets/citrus_logo.png":["assets/citrus_logo.png"],"assets/discover.png":["assets/discover.png"],"assets/dristributor_10_sea_corp.png":["assets/dristributor_10_sea_corp.png"],"assets/dristributor_11_rahein.png":["assets/dristributor_11_rahein.png"],"assets/dristributor_1_b2x.png":["assets/dristributor_1_b2x.png"],"assets/dristributor_2_dc.png":["assets/dristributor_2_dc.png"],"assets/dristributor_3_central.png":["assets/dristributor_3_central.png"],"assets/dristributor_4_addidas.png":["assets/dristributor_4_addidas.png"],"assets/dristributor_5_logistics.png":["assets/dristributor_5_logistics.png"],"assets/dristributor_6_masonite.png":["assets/dristributor_6_masonite.png"],"assets/dristributor_7_odyssey.png":["assets/dristributor_7_odyssey.png"],"assets/dristributor_8_puma.png":["assets/dristributor_8_puma.png"],"assets/dristributor_9_reebok.png":["assets/dristributor_9_reebok.png"],"assets/dummy_face_cream.png":["assets/dummy_face_cream.png"],"assets/dummy_kettle.png":["assets/dummy_kettle.png"],"assets/dummy_laptop.png":["assets/dummy_laptop.png"],"assets/dummy_perfume.png":["assets/dummy_perfume.png"],"assets/dummy_refrigerator.png":["assets/dummy_refrigerator.png"],"assets/dummy_shoe_addidas.png":["assets/dummy_shoe_addidas.png"],"assets/dummy_t_shirt.png":["assets/dummy_t_shirt.png"],"assets/dummy_watch.png":["assets/dummy_watch.png"],"assets/dummy_womens_clothing.png":["assets/dummy_womens_clothing.png"],"assets/logo_thought_factory.png":["assets/logo_thought_factory.png"],"assets/master_card.png":["assets/master_card.png"],"assets/person_image_place_holder.png":["assets/person_image_place_holder.png"],"assets/round_app_icon_e_bazzar.png":["assets/round_app_icon_e_bazzar.png"],"assets/visa.png":["assets/visa.png"],"fonts/CustomIcon.ttf":["fonts/CustomIcon.ttf"],"fonts/Montserrat-Black.ttf":["fonts/Montserrat-Black.ttf"],"fonts/Montserrat-Bold.ttf":["fonts/Montserrat-Bold.ttf"],"fonts/Montserrat-ExtraBold.ttf":["fonts/Montserrat-ExtraBold.ttf"],"fonts/Montserrat-ExtraLight.ttf":["fonts/Montserrat-ExtraLight.ttf"],"fonts/Montserrat-Light.ttf":["fonts/Montserrat-Light.ttf"],"fonts/Montserrat-Medium.ttf":["fonts/Montserrat-Medium.ttf"],"fonts/Montserrat-Regular.ttf":["fonts/Montserrat-Regular.ttf"],"fonts/Montserrat-SemiBold.ttf":["fonts/Montserrat-SemiBold.ttf"],"fonts/Montserrat-Thin.ttf":["fonts/Montserrat-Thin.ttf"],"packages/cupertino_icons/assets/CupertinoIcons.ttf":["packages/cupertino_icons/assets/CupertinoIcons.ttf"],"packages/font_awesome_flutter/lib/fonts/fa-brands-400.ttf":["packages/font_awesome_flutter/lib/fonts/fa-brands-400.ttf"],"packages/font_awesome_flutter/lib/fonts/fa-regular-400.ttf":["packages/font_awesome_flutter/lib/fonts/fa-regular-400.ttf"],"packages/font_awesome_flutter/lib/fonts/fa-solid-900.ttf":["packages/font_awesome_flutter/lib/fonts/fa-solid-900.ttf"]}