[{"family":"MaterialIcons","fonts":[{"asset":"fonts/MaterialIcons-Regular.otf"}]},{"family":"CustomIcon","fonts":[{"asset":"fonts/CustomIcon.ttf"}]},{"family":"Montserrat","fonts":[{"weight":300,"asset":"fonts/Montserrat-Light.ttf"},{"weight":400,"asset":"fonts/Montserrat-Regular.ttf"},{"weight":600,"asset":"fonts/Montserrat-SemiBold.ttf"},{"weight":700,"asset":"fonts/Montserrat-Bold.ttf"},{"weight":800,"asset":"fonts/Montserrat-ExtraBold.ttf"},{"weight":900,"asset":"fonts/Montserrat-Black.ttf"},{"weight":500,"asset":"fonts/Montserrat-Medium.ttf"},{"weight":100,"asset":"fonts/Montserrat-Thin.ttf"},{"weight":200,"asset":"fonts/Montserrat-ExtraLight.ttf"}]},{"family":"packages/cupertino_icons/CupertinoIcons","fonts":[{"asset":"packages/cupertino_icons/assets/CupertinoIcons.ttf"}]},{"family":"packages/font_awesome_flutter/FontAwesomeBrands","fonts":[{"weight":400,"asset":"packages/font_awesome_flutter/lib/fonts/fa-brands-400.ttf"}]},{"family":"packages/font_awesome_flutter/FontAwesomeRegular","fonts":[{"weight":400,"asset":"packages/font_awesome_flutter/lib/fonts/fa-regular-400.ttf"}]},{"family":"packages/font_awesome_flutter/FontAwesomeSolid","fonts":[{"weight":900,"asset":"packages/font_awesome_flutter/lib/fonts/fa-solid-900.ttf"}]}]